{"cameraMode":{"drawMode":0,"name":"Shaded","section":"Shading Mode"},"sceneLighting":false,"audioPlay":false,"sceneViewState":{"m_AlwaysRefresh":false,"showFog":true,"showSkybox":false,"showFlares":true,"showImageEffects":true,"showParticleSystems":true,"showVisualEffectGraphs":true,"m_FxEnabled":true},"in2DMode":false,"pivot":{"x":0.4627954363822937,"y":3.7379071712493898,"z":2.1292567253112795},"rotation":{"x":0.005720454268157482,"y":0.3018094003200531,"z":0.0018110588425770403,"w":-0.9533562660217285},"size":1.7700215578079224,"orthographic":false}