{"cameraMode":{"drawMode":0,"name":"Shaded","section":"Shading Mode"},"sceneLighting":false,"audioPlay":false,"sceneViewState":{"m_AlwaysRefresh":false,"showFog":true,"showSkybox":false,"showFlares":true,"showImageEffects":true,"showParticleSystems":true,"showVisualEffectGraphs":true,"m_FxEnabled":true},"in2DMode":false,"pivot":{"x":1.503000020980835,"y":-0.0068200454115867619,"z":-1.3140006065368653},"rotation":{"x":0.006275810766965151,"y":-0.7594560384750366,"z":-0.007254959549754858,"w":-0.6505106091499329},"size":0.07046432048082352,"orthographic":false}