{"cameraMode":{"drawMode":0,"name":"Shaded","section":"Shading Mode"},"sceneLighting":false,"audioPlay":false,"sceneViewState":{"m_AlwaysRefresh":false,"showFog":true,"showSkybox":false,"showFlares":true,"showImageEffects":true,"showParticleSystems":true,"showVisualEffectGraphs":true,"m_FxEnabled":true},"in2DMode":false,"pivot":{"x":-0.3004869520664215,"y":0.18752163648605348,"z":1.709110140800476},"rotation":{"x":-0.00745163019746542,"y":0.10699660331010819,"z":-0.0008620976004749537,"w":-0.9946011304855347},"size":1.2636022567749024,"orthographic":false}