{"cameraMode":{"drawMode":0,"name":"Shaded","section":"Shading Mode"},"sceneLighting":false,"audioPlay":false,"sceneViewState":{"m_AlwaysRefresh":false,"showFog":true,"showSkybox":false,"showFlares":true,"showImageEffects":true,"showParticleSystems":true,"showVisualEffectGraphs":true,"m_FxEnabled":true},"in2DMode":false,"pivot":{"x":-4.861626625061035,"y":3.9181032180786135,"z":-0.006096957251429558},"rotation":{"x":0.028942273929715158,"y":-0.9383960366249085,"z":0.0787668377161026,"w":0.33558768033981326},"size":6.946127414703369,"orthographic":false}